Date,Open,High,Low,Close,Volume
2023-04-11,24.75,24.75,24.39999961853028,24.465999603271484,42600
2023-04-12,24.8700008392334,24.8700008392334,24.31999969482422,24.32999992370605,18500
2023-04-13,24.25,25.07999992370605,24.25,25.05699920654297,20400
2023-04-14,25.200000762939453,25.209999084472656,24.68000030517578,25.06999969482422,15200
2023-04-17,25.01000022888184,25.09000015258789,24.729999542236328,24.95599937438965,11800
2023-04-18,25.040000915527344,25.0629997253418,24.809999465942383,24.89200019836425,5200
2023-04-19,24.75,25.020000457763672,24.75,24.90999984741211,3400
2023-04-20,24.854999542236328,24.8700008392334,24.75,24.799999237060547,3200
2023-04-21,24.82999992370605,24.972000122070312,24.795000076293945,24.89999961853028,2600
2023-04-24,25.065000534057617,25.065000534057617,24.79899978637696,24.84000015258789,2500
2023-04-25,24.614999771118164,24.614999771118164,24.290000915527344,24.290000915527344,3700
2023-04-26,24.84000015258789,25.07999992370605,24.709999084472656,24.76000022888184,10400
2023-04-27,25.75,26.299999237060547,25.670000076293945,26.14999961853028,10900
2023-04-28,26.15999984741211,26.15999984741211,25.875,26.07999992370605,8600
2023-05-01,25.940000534057617,26.040000915527344,25.89999961853028,25.97699928283692,4000
2023-05-02,26.020000457763672,26.03499984741211,25.670000076293945,25.799999237060547,5600
2023-05-03,26.030000686645508,26.030000686645508,25.709999084472656,25.75,14500
2023-05-04,25.51099967956543,25.65999984741211,25.51099967956543,25.6200008392334,8700
2023-05-05,25.790000915527344,26.07999992370605,25.770000457763672,26.00200080871582,10800
2023-05-08,25.881999969482425,26.1299991607666,25.881999969482425,26.1299991607666,3300
2023-05-09,26.1560001373291,26.1560001373291,26.030000686645508,26.030000686645508,1300
2023-05-10,26.309999465942383,26.64999961853028,26.246999740600582,26.540000915527344,5800
2023-05-11,26.76000022888184,27.07999992370605,26.600000381469727,26.920000076293945,12000
2023-05-12,26.89999961853028,26.950000762939453,26.56999969482422,26.75,9800
2023-05-15,26.90999984741211,26.90999984741211,26.68000030517578,26.86000061035156,3300
2023-05-16,26.89999961853028,27.280000686645508,26.89999961853028,27.1299991607666,12400
2023-05-17,27.309999465942383,27.530000686645508,27.21999931335449,27.49799919128418,9100
2023-05-18,27.6299991607666,27.96999931335449,27.6200008392334,27.96999931335449,20400
2023-05-19,27.89999961853028,27.920000076293945,27.76000022888184,27.84199905395508,19500
2023-05-22,27.8799991607666,28.100000381469727,27.8799991607666,27.93000030517578,10000
2023-05-23,27.8799991607666,27.93000030517578,27.6299991607666,27.6299991607666,14400
2023-05-24,27.6200008392334,27.700000762939453,27.51499938964844,27.63999938964844,7200
2023-05-25,27.88999938964844,28.040000915527344,27.71999931335449,27.979999542236328,5200
2023-05-26,27.950000762939453,28.76000022888184,27.950000762939453,28.670000076293945,8500
2023-05-30,29.209999084472656,29.209999084472656,28.670000076293945,28.8799991607666,16600
2023-05-31,28.850000381469727,28.920000076293945,28.636999130249023,28.722000122070312,6000
2023-06-01,28.84000015258789,29.21999931335449,28.84000015258789,29.152999877929688,3400
2023-06-02,29.5,29.61000061035156,29.26499938964844,29.39999961853028,14900
2023-06-05,29.559999465942383,29.790000915527344,29.36000061035156,29.3799991607666,7900
2023-06-06,29.61000061035156,29.61000061035156,29.44099998474121,29.5,2900
2023-06-07,29.68000030517578,29.729999542236328,28.61000061035156,28.61000061035156,9300
2023-06-08,28.632999420166016,29.040000915527344,28.6299991607666,28.88500022888184,4700
2023-06-09,28.93000030517578,29.089000701904297,28.86000061035156,28.940000534057617,10400
2023-06-12,29.035999298095703,29.51000022888184,29.035999298095703,29.51000022888184,9000
2023-06-13,29.549999237060547,29.600000381469727,29.41200065612793,29.461000442504883,6100
2023-06-14,29.520000457763672,29.666000366210938,29.18000030517578,29.64999961853028,6300
2023-06-15,29.770000457763672,30.18000030517578,29.770000457763672,30.18000030517578,2300
2023-06-16,30.190000534057617,30.190000534057617,29.850000381469727,29.857999801635746,11600
2023-06-20,29.600000381469727,29.86000061035156,29.559999465942383,29.799999237060547,4700
2023-06-21,29.600000381469727,29.76000022888184,29.39999961853028,29.5,5900
2023-06-22,29.280000686645508,30.18000030517578,29.280000686645508,30.18000030517578,7900
2023-06-23,29.77499961853028,30.06999969482422,29.77499961853028,30.06999969482422,3600
2023-06-26,30.045000076293945,30.13999938964844,29.3700008392334,29.43000030517578,5600
2023-06-27,29.71999931335449,29.950000762939453,29.71999931335449,29.780000686645508,4900
2023-06-28,29.89999961853028,30.15999984741211,29.84000015258789,29.88999938964844,5700
2023-06-29,29.934999465942383,29.959999084472656,29.6299991607666,29.690000534057617,8200
2023-06-30,29.88999938964844,30.290000915527344,29.88999938964844,30.25,3200
2023-07-03,30.309999465942383,30.309999465942383,30.01000022888184,30.14999961853028,3300
2023-07-05,30.190000534057617,30.48699951171875,30.190000534057617,30.39999961853028,5800
2023-07-06,30.14999961853028,30.26000022888184,30.14999961853028,30.26000022888184,800
2023-07-07,30.239999771118164,30.440000534057617,30.19700050354004,30.19700050354004,4300
2023-07-10,30.0,30.0,29.5,29.690000534057617,4200
2023-07-11,29.75,29.959999084472656,29.71999931335449,29.93000030517578,5700
2023-07-12,30.5,30.549999237060547,30.34000015258789,30.450000762939453,2600
2023-07-13,30.780000686645508,31.200000762939453,30.780000686645508,31.200000762939453,3700
2023-07-14,31.326000213623047,31.46999931335449,31.06999969482422,31.100000381469727,3900
2023-07-17,31.13999938964844,31.299999237060547,31.13999938964844,31.190000534057617,4400
2023-07-18,31.0,31.549999237060547,30.989999771118164,31.36000061035156,3800
2023-07-19,31.450000762939453,31.670000076293945,31.36000061035156,31.540000915527344,3700
2023-07-20,31.46999931335449,31.479999542236328,30.61599922180176,30.61599922180176,3400
2023-07-21,30.82999992370605,30.82999992370605,30.3700008392334,30.3700008392334,2500
2023-07-24,30.729999542236328,30.729999542236328,30.43000030517578,30.43000030517578,2300
2023-07-25,30.600000381469727,30.725000381469727,30.600000381469727,30.700000762939453,2000
2023-07-26,30.8799991607666,30.8799991607666,30.600000381469727,30.76000022888184,4100
2023-07-27,31.489999771118164,31.527000427246094,30.979999542236328,31.01000022888184,1300
2023-07-28,31.347000122070312,31.8700008392334,31.347000122070312,31.80500030517578,4800
2023-07-31,31.940000534057617,31.940000534057617,31.56999969482422,31.6299991607666,1800
2023-08-01,31.64999961853028,31.64999961853028,31.600000381469727,31.600000381469727,1100
2023-08-02,31.170000076293945,31.170000076293945,30.8799991607666,30.8799991607666,4600
2023-08-03,30.799999237060547,31.030000686645508,30.700000762939453,30.854999542236328,3400
2023-08-04,31.44499969482422,31.54800033569336,30.90999984741211,30.90999984741211,3900
2023-08-07,31.049999237060547,31.280000686645508,31.0,31.280000686645508,3000
2023-08-08,31.15399932861328,31.15399932861328,30.98699951171875,31.01000022888184,2500
2023-08-09,30.549999237060547,30.93000030517578,30.540000915527344,30.65999984741211,2300
2023-08-10,32.02000045776367,32.02000045776367,30.71699905395508,30.71699905395508,2600
2023-08-11,30.479999542236328,30.600000381469727,30.350000381469727,30.51499938964844,3100
2023-08-14,30.770000457763672,30.8799991607666,30.732999801635746,30.8799991607666,700
2023-08-15,30.55500030517578,30.55500030517578,30.55299949645996,30.55299949645996,800
2023-08-16,30.549999237060547,30.549999237060547,30.09000015258789,30.09000015258789,3400
2023-08-17,29.88999938964844,30.26000022888184,29.8799991607666,29.8799991607666,6300
2023-08-18,29.049999237060547,29.56999969482422,29.049999237060547,29.56999969482422,3400
2023-08-21,29.799999237060547,30.0,29.6299991607666,30.0,2100
2023-08-22,30.25,30.25,30.0,30.0,3400
2023-08-23,30.59000015258789,30.65999984741211,30.530000686645508,30.530000686645508,1300
2023-08-24,30.643999099731445,30.643999099731445,29.89999961853028,29.89999961853028,2200
2023-08-25,29.729999542236328,30.059999465942383,29.5,30.030000686645508,4500
2023-08-28,30.209999084472656,30.350000381469727,30.07999992370605,30.21999931335449,3400
2023-08-29,30.75,30.989999771118164,30.75,30.875,2500
2023-08-30,31.0,31.030000686645508,30.934999465942383,30.96999931335449,2800
2023-08-31,31.28300094604492,31.31999969482422,31.24399948120117,31.24399948120117,800
2023-09-01,31.1299991607666,31.26099967956543,31.1299991607666,31.15999984741211,2600
2023-09-05,31.21999931335449,31.3799991607666,31.13999938964844,31.37800025939941,1900
2023-09-06,31.02899932861328,31.02899932861328,30.93000030517578,30.93000030517578,1000
2023-09-07,30.540000915527344,30.86000061035156,30.540000915527344,30.86000061035156,500
2023-09-08,31.01000022888184,31.239999771118164,31.01000022888184,31.040000915527344,2000
2023-09-11,31.43000030517578,31.61199951171875,31.43000030517578,31.549999237060547,1400
2023-09-12,31.21999931335449,31.21999931335449,31.09000015258789,31.09000015258789,1100
2023-09-13,31.5,31.5,31.059999465942383,31.36000061035156,9700
2023-09-14,31.690000534057617,31.799999237060547,31.690000534057617,31.71500015258789,2700
2023-09-15,31.239999771118164,31.239999771118164,31.07200050354004,31.07200050354004,700
2023-09-18,31.25200080871582,31.25200080871582,31.1200008392334,31.14999961853028,3500
2023-09-19,31.09000015258789,31.21999931335449,31.09000015258789,31.21999931335449,1000
2023-09-20,30.959999084472656,30.989999771118164,30.49300003051757,30.49300003051757,700
2023-09-21,30.0,30.14999961853028,29.89999961853028,29.89999961853028,6800
2023-09-22,30.28499984741211,30.28499984741211,29.910999298095703,29.910999298095703,2100
2023-09-25,29.959999084472656,30.18000030517578,29.959999084472656,30.100000381469727,1500
2023-09-26,29.84000015258789,29.857999801635746,29.46999931335449,29.559999465942383,4400
2023-09-27,29.43000030517578,29.67799949645996,29.299999237060547,29.540000915527344,6500
2023-09-28,29.5,29.89999961853028,29.44499969482422,29.739999771118164,7500
2023-09-29,30.209999084472656,30.209999084472656,29.68000030517578,29.780000686645508,1600
2023-10-02,29.799999237060547,30.350000381469727,29.799999237060547,30.350000381469727,2000
2023-10-03,30.15999984741211,30.15999984741211,29.6200008392334,29.6200008392334,1800
2023-10-04,29.81999969482422,30.3700008392334,29.81999969482422,30.34000015258789,46300
2023-10-05,30.36000061035156,30.40999984741211,29.95199966430664,30.36100006103516,4700
2023-10-06,30.34000015258789,30.950000762939453,30.34000015258789,30.950000762939453,12800
2023-10-09,30.700000762939453,31.07999992370605,30.549999237060547,30.989999771118164,3800
2023-10-10,31.040000915527344,31.43000030517578,31.040000915527344,31.155000686645508,4200
2023-10-11,31.420000076293945,31.6200008392334,31.239999771118164,31.607999801635746,16300
2023-10-12,31.6200008392334,31.8700008392334,31.23600006103516,31.479999542236328,11300
2023-10-13,31.5,31.5,30.75,30.75,6900
2023-10-16,31.049999237060547,31.30500030517578,30.826000213623047,31.14999961853028,29900
2023-10-17,31.100000381469727,31.174999237060547,30.489999771118164,31.07999992370605,19900
2023-10-18,30.780000686645508,30.96199989318848,30.21999931335449,30.21999931335449,55400
2023-10-19,30.21999931335449,30.43000030517578,29.850000381469727,29.850000381469727,13100
2023-10-20,29.690000534057617,29.82999992370605,29.200000762939453,29.200000762939453,36100
2023-10-23,29.030000686645508,29.790000915527344,29.030000686645508,29.600000381469727,44600
2023-10-24,29.940000534057617,30.0,29.600000381469727,29.850000381469727,13300
2023-10-25,29.5,29.5,28.86000061035156,28.90999984741211,24400
2023-10-26,28.57999992370605,28.63999938964844,27.850000381469727,28.0,49700
2023-10-27,28.549999237060547,28.790000915527344,28.371999740600582,28.530000686645508,21700
2023-10-30,28.89999961853028,29.170000076293945,28.700000762939453,28.920000076293945,8400
2023-10-31,28.50200080871582,28.940000534057617,28.50200080871582,28.86000061035156,18500
2023-11-01,29.06999969482422,29.71999931335449,29.06999969482422,29.63999938964844,18500
2023-11-02,30.25,30.25,29.950000762939453,30.200000762939453,17500
2023-11-03,30.459999084472656,30.59000015258789,30.32999992370605,30.459999084472656,38000
2023-11-06,30.71999931335449,30.849000930786133,30.61000061035156,30.790000915527344,20500
2023-11-07,30.93000030517578,31.270000457763672,30.81999969482422,31.14999961853028,15100
2023-11-08,31.200000762939453,31.34000015258789,31.03499984741211,31.32999992370605,37400
2023-11-09,31.38999938964844,31.38999938964844,30.8799991607666,30.999000549316406,10800
2023-11-10,32.290000915527344,32.290000915527344,31.02899932861328,31.770000457763672,22600
2023-11-13,31.75,33.29999923706055,31.46999931335449,31.76000022888184,54000
2023-11-14,32.939998626708984,32.939998626708984,32.279998779296875,32.4900016784668,107900
2023-11-15,33.04999923706055,33.04999923706055,32.22999954223633,32.380001068115234,41000
2023-11-16,32.97999954223633,32.97999954223633,32.202999114990234,32.59000015258789,55300
2023-11-17,32.7599983215332,32.7599983215332,32.22999954223633,32.439998626708984,32400
2023-11-20,32.86000061035156,33.02000045776367,32.599998474121094,33.02000045776367,61900
2023-11-21,32.869998931884766,32.869998931884766,32.599998474121094,32.86000061035156,29300
2023-11-22,33.08000183105469,33.2599983215332,32.709999084472656,32.86000061035156,34400
2023-11-24,32.619998931884766,32.720001220703125,32.540000915527344,32.63999938964844,30400
2023-11-27,32.66999816894531,32.869998931884766,32.56999969482422,32.689998626708984,63100
2023-11-28,32.66999816894531,32.91999816894531,32.470001220703125,32.91999816894531,43200
2023-11-29,33.22999954223633,33.22999954223633,32.599998474121094,32.709999084472656,66100
2023-11-30,32.709999084472656,32.91999816894531,32.040000915527344,32.189998626708984,53600
2023-12-01,32.18000030517578,32.25,31.93000030517578,32.189998626708984,40100
2023-12-04,32.189998626708984,32.189998626708984,31.36000061035156,31.6299991607666,63400
2023-12-05,31.6299991607666,32.29999923706055,31.600000381469727,32.099998474121094,70200
2023-12-06,32.4900016784668,32.4900016784668,31.76000022888184,31.81999969482422,57500
2023-12-07,32.150001525878906,32.63999938964844,32.09000015258789,32.459999084472656,73000
2023-12-08,32.279998779296875,32.75,32.279998779296875,32.720001220703125,82300
2023-12-11,32.61000061035156,32.61000061035156,31.91200065612793,32.2599983215332,108100
2023-12-12,32.369998931884766,32.5099983215332,32.060001373291016,32.5099983215332,40800
2023-12-13,32.630001068115234,32.75,32.38999938964844,32.68000030517578,85500
2023-12-14,32.900001525878906,33.0,32.36000061035156,32.72999954223633,88500
2023-12-15,32.84000015258789,33.29999923706055,32.68000030517578,33.0,95200
2023-12-18,33.150001525878906,33.650001525878906,33.150001525878906,33.52000045776367,99000
2023-12-19,33.58000183105469,33.68000030517578,33.470001220703125,33.68000030517578,84000
2023-12-20,33.77000045776367,34.0099983215332,33.22999954223633,33.279998779296875,135800
2023-12-21,33.689998626708984,33.72999954223633,33.369998931884766,33.72999954223633,105400
2023-12-22,33.849998474121094,33.880001068115234,33.459999084472656,33.63999938964844,61200
2023-12-26,33.77000045776367,34.02000045776367,33.65999984741211,33.779998779296875,70500
2023-12-27,33.75,34.029998779296875,33.599998474121094,33.72999954223633,73200
2023-12-28,33.88999938964844,34.0,33.619998931884766,33.7400016784668,83900
2023-12-29,33.75,33.834999084472656,33.13999938964844,33.45000076293945,122200
2024-01-02,33.22999954223633,33.31999969482422,32.5,32.68000030517578,111600
2024-01-03,32.560001373291016,32.72999954223633,32.43000030517578,32.52000045776367,61400
2024-01-04,32.400001525878906,32.689998626708984,32.224998474121094,32.2599983215332,86200
2024-01-05,32.18000030517578,32.630001068115234,32.029998779296875,32.380001068115234,99800
2024-01-08,32.599998474121094,33.380001068115234,32.470001220703125,33.380001068115234,201100
2024-01-09,33.15999984741211,33.47999954223633,32.939998626708984,33.380001068115234,142200
2024-01-10,33.5,33.95000076293945,33.45000076293945,33.88999938964844,188800
2024-01-11,34.11000061035156,34.290000915527344,33.400001525878906,33.86000061035156,132800
2024-01-12,34.029998779296875,34.09000015258789,33.66999816894531,33.790000915527344,152700
2024-01-16,33.75,33.95000076293945,33.55099868774414,33.779998779296875,128200
2024-01-17,33.52000045776367,33.61000061035156,33.016998291015625,33.56999969482422,73900
2024-01-18,33.97999954223633,34.08000183105469,33.689998626708984,34.06999969482422,118400
2024-01-19,34.25,34.65999984741211,34.119998931884766,34.65999984741211,124000
2024-01-22,35.0,35.130001068115234,34.560001373291016,34.61000061035156,231000
2024-01-23,34.77000045776367,34.83000183105469,34.56999969482422,34.83000183105469,102800
2024-01-24,35.20000076293945,35.5099983215332,35.027000427246094,35.13999938964844,286200
2024-01-25,35.02000045776367,35.11899948120117,34.56800079345703,34.81999969482422,299600
2024-01-26,34.849998474121094,35.02000045776367,34.72999954223633,34.81999969482422,168800
2024-01-29,35.0,35.38999938964844,34.81999969482422,35.38999938964844,159800
2024-01-30,35.540000915527344,35.540000915527344,35.08000183105469,35.189998626708984,198400
2024-01-31,34.47999954223633,34.65599822998047,34.0,34.11000061035156,182200
2024-02-01,34.41999816894531,34.66999816894531,34.3650016784668,34.63999938964844,204600
2024-02-02,35.68000030517578,36.59000015258789,35.36000061035156,36.5099983215332,338800
2024-02-05,36.72999954223633,36.810001373291016,36.0,36.459999084472656,230900
2024-02-06,36.5,36.65999984741211,36.060001373291016,36.290000915527344,125500
2024-02-07,36.540000915527344,36.9900016784668,36.52000045776367,36.9900016784668,257800
2024-02-08,37.02999877929688,37.1510009765625,36.84999847412109,37.0,190600
2024-02-09,37.2599983215332,37.630001068115234,37.0,37.59999847412109,257100
2024-02-12,37.68000030517578,37.84999847412109,37.150001525878906,37.34999847412109,369200
2024-02-13,36.58000183105469,37.130001068115234,36.0,36.7400016784668,331100
2024-02-14,37.119998931884766,37.29999923706055,36.7400016784668,37.29999923706055,226600
2024-02-15,37.310001373291016,37.45000076293945,36.88100051879883,37.33000183105469,181400
2024-02-16,37.45000076293945,37.59000015258789,36.81999969482422,37.0,193000
2024-02-20,36.790000915527344,36.88999938964844,36.060001373291016,36.41999816894531,284600
2024-02-21,36.16999816894531,36.46799850463867,35.970001220703125,36.400001525878906,219900
2024-02-22,37.68999862670898,38.20600128173828,37.459999084472656,38.150001525878906,355700
2024-02-23,38.470001220703125,38.665000915527344,37.84999847412109,38.0099983215332,284800
2024-02-26,38.11000061035156,38.18999862670898,37.7599983215332,37.84000015258789,159700
2024-02-27,37.97999954223633,37.9900016784668,37.619998931884766,37.95000076293945,177200
2024-02-28,37.77000045776367,37.90499877929688,37.630001068115234,37.709999084472656,130700
2024-02-29,37.95000076293945,38.25,37.59999847412109,38.220001220703125,176600
2024-03-01,38.220001220703125,38.720001220703125,38.13100051879883,38.630001068115234,274000
2024-03-04,38.66999816894531,38.66999816894531,38.290000915527344,38.310001373291016,252900
2024-03-05,38.040000915527344,38.04999923706055,37.36000061035156,37.66999816894531,230700
2024-03-06,38.09999847412109,38.20000076293945,37.66999816894531,37.95000076293945,197700
2024-03-07,38.27999877929688,38.922000885009766,38.06999969482422,38.900001525878906,165500
2024-03-08,39.29999923706055,39.61000061035156,38.0,38.22999954223633,218400
2024-03-11,38.02000045776367,38.150001525878906,37.619998931884766,37.68000030517578,157700
2024-03-12,38.060001373291016,38.900001525878906,37.762001037597656,38.880001068115234,136800
2024-03-13,38.79999923706055,38.91999816894531,38.27999877929688,38.59999847412109,109800
2024-03-14,38.66999816894531,38.77999877929688,38.21599960327149,38.369998931884766,100800
2024-03-15,38.18000030517578,38.380001068115234,37.869998931884766,38.060001373291016,118400
2024-03-18,38.79999923706055,39.119998931884766,38.540000915527344,38.77000045776367,212200
2024-03-19,38.540000915527344,38.935001373291016,38.02999877929688,38.869998931884766,421400
2024-03-20,39.06999969482422,39.470001220703125,38.77999877929688,39.459999084472656,183400
2024-03-21,39.93999862670898,39.959999084472656,39.22100067138672,39.33000183105469,335900
2024-03-22,39.31999969482422,39.81900024414063,39.130001068115234,39.790000915527344,113800
2024-03-25,39.59000015258789,39.84999847412109,39.3650016784668,39.70000076293945,111200
2024-03-26,39.900001525878906,40.02399826049805,39.31900024414063,39.380001068115234,271400
2024-03-27,39.650001525878906,39.67499923706055,38.9370002746582,39.18000030517578,124800
2024-03-28,39.22999954223633,39.26800155639648,38.900001525878906,39.150001525878906,136800
2024-04-01,39.15999984741211,39.5,38.959999084472656,39.27999877929688,96000
2024-04-02,38.61000061035156,38.93399810791016,38.400001525878906,38.869998931884766,159400
2024-04-03,38.790000915527344,39.22999954223633,38.70000076293945,39.15999984741211,90500
2024-04-04,39.43999862670898,39.84999847412109,38.68000030517578,38.68000030517578,143900
2024-04-05,38.81999969482422,39.40999984741211,38.7599983215332,39.25,123000
2024-04-08,39.4900016784668,39.62799835205078,39.29999923706055,39.41999816894531,52600
2024-04-09,39.59999847412109,39.68000030517578,39.09000015258789,39.41999816894531,79200
2024-04-10,39.09999847412109,39.400001525878906,39.04999923706055,39.34000015258789,63700
2024-04-11,39.59999847412109,40.369998931884766,39.220001220703125,40.31999969482422,158100
2024-04-12,39.959999084472656,40.10200119018555,39.4900016784668,39.59000015258789,216200
2024-04-15,39.970001220703125,39.970001220703125,38.650001525878906,38.650001525878906,312000
2024-04-16,38.220001220703125,38.75299835205078,38.20000076293945,38.40999984741211,244900
2024-04-17,38.77999877929688,38.77999877929688,37.91999816894531,38.0,130600
2024-04-18,38.0,38.22999954223633,37.652000427246094,37.79999923706055,154400
2024-04-19,37.5,37.625,36.400001525878906,36.54999923706055,1282400
2024-04-22,36.68999862670898,37.10499954223633,36.34600067138672,36.88999938964844,188200
2024-04-23,37.15999984741211,37.619998931884766,37.11000061035156,37.619998931884766,90700
2024-04-24,38.43999862670898,38.470001220703125,37.52999877929688,38.02999877929688,265500
2024-04-25,36.38999938964844,37.55500030517578,36.2400016784668,37.459999084472656,172900
2024-04-26,38.619998931884766,38.900001525878906,38.18999862670898,38.720001220703125,446100
2024-04-29,39.5,39.52000045776367,38.900001525878906,39.33000183105469,371200
2024-04-30,39.040000915527344,39.34000015258789,38.25,38.25,118400
2024-05-01,38.560001373291016,39.220001220703125,38.119998931884766,38.27999877929688,197800
2024-05-02,38.75,38.9900016784668,38.150001525878906,38.95000076293945,99800
2024-05-03,39.900001525878906,39.92499923706055,39.43299865722656,39.77999877929688,421400
2024-05-06,39.9900016784668,40.380001068115234,39.75,40.380001068115234,213700
2024-05-07,40.45000076293945,40.49399948120117,40.02999877929688,40.209999084472656,269900
2024-05-08,39.72200012207031,40.15999984741211,39.70000076293945,40.0099983215332,283100
2024-05-09,40.18000030517578,40.18000030517578,39.77000045776367,40.0,91000
2024-05-10,40.15999984741211,40.15999984741211,39.560001373291016,39.79999923706055,208500
2024-05-13,39.93000030517578,39.959999084472656,39.59199905395508,39.95000076293945,248300
2024-05-14,39.84000015258789,40.4900016784668,39.80099868774414,40.40999984741211,146000
2024-05-15,40.65999984741211,40.84999847412109,40.25,40.83000183105469,170500
2024-05-16,40.81999969482422,41.02899932861328,40.68999862670898,40.68999862670898,187600
2024-05-17,40.66999816894531,40.87900161743164,40.5099983215332,40.77000045776367,115500
2024-05-20,40.88999938964844,41.06999969482422,40.790000915527344,40.88999938964844,148200
2024-05-21,40.790000915527344,41.40999984741211,40.65999984741211,41.38999938964844,143700
2024-05-22,41.33000183105469,41.36000061035156,40.79999923706055,41.0,157400
2024-05-23,41.7599983215332,41.7599983215332,40.84999847412109,41.06999969482422,168300
2024-05-24,41.290000915527344,41.75,41.07400131225586,41.720001220703125,232200
2024-05-28,41.869998931884766,42.220001220703125,41.70000076293945,42.209999084472656,297900
2024-05-29,41.970001220703125,42.36000061035156,41.84400177001953,42.13999938964844,332900
2024-05-30,42.150001525878906,42.150001525878906,41.27999877929688,41.40999984741211,171900
2024-05-31,41.619998931884766,41.619998931884766,40.52000045776367,41.380001068115234,182100
2024-06-03,41.72999954223633,42.02000045776367,41.34999847412109,41.880001068115234,292900
2024-06-04,41.91999816894531,42.130001068115234,41.61000061035156,42.0099983215332,569300
2024-06-05,42.380001068115234,42.869998931884766,42.209999084472656,42.869998931884766,348200
2024-06-06,42.95000076293945,43.15999984741211,42.62300109863281,42.97999954223633,396300
2024-06-07,42.97999954223633,43.150001525878906,42.7400016784668,42.900001525878906,143700
2024-06-10,42.93000030517578,43.119998931884766,42.68999862670898,43.0,159600
2024-06-11,43.09999847412109,43.47999954223633,42.7760009765625,43.47999954223633,271600
2024-06-12,43.86000061035156,44.709999084472656,43.70899963378906,44.310001373291016,529600
2024-06-13,44.84999847412109,44.9900016784668,44.3120002746582,44.47999954223633,468700
2024-06-14,44.5099983215332,44.65999984741211,44.220001220703125,44.540000915527344,258300
2024-06-17,44.43000030517578,45.41999816894531,44.369998931884766,45.08000183105469,703000
2024-06-18,45.06999969482422,45.08000183105469,44.66999816894531,44.95000076293945,395800
2024-06-20,45.2599983215332,45.29999923706055,44.22100067138672,44.54999923706055,489800
2024-06-21,44.47999954223633,44.810001373291016,44.20000076293945,44.40999984741211,291200
2024-06-24,44.5,44.68000030517578,43.77999877929688,43.77999877929688,290000
2024-06-25,44.04999923706055,44.970001220703125,44.04999923706055,44.93000030517578,367600
2024-06-26,44.84000015258789,45.63399887084961,44.81999969482422,45.619998931884766,506900
2024-06-27,45.61000061035156,46.0,45.41999816894531,45.810001373291016,949100
2024-06-28,46.0099983215332,46.257999420166016,45.11000061035156,45.11000061035156,573700
2024-07-01,45.5,46.209999084472656,45.02999877929688,46.09999847412109,962600
2024-07-02,46.119998931884766,47.150001525878906,46.04600143432617,47.150001525878906,1263000
2024-07-03,47.130001068115234,47.93999862670898,47.09999847412109,47.93999862670898,843600
2024-07-05,48.06999969482422,48.959999084472656,48.0099983215332,48.86000061035156,1736400
2024-07-08,48.880001068115234,49.15999984741211,48.540000915527344,48.84000015258789,1377500
2024-07-09,49.0,49.43000030517578,48.95000076293945,49.33000183105469,1232200
2024-07-10,49.52000045776367,49.959999084472656,49.29999923706055,49.84000015258789,1465300
2024-07-11,49.79999923706055,49.85200119018555,47.290000915527344,47.59999847412109,2492200
2024-07-12,47.29999923706055,48.400001525878906,47.22999954223633,47.90999984741211,892200
2024-07-15,48.33000183105469,48.95000076293945,47.869998931884766,48.060001373291016,805900
2024-07-16,48.43999862670898,48.540000915527344,47.47999954223633,47.84999847412109,959300
2024-07-17,46.97999954223633,47.084999084472656,46.16999816894531,46.27000045776367,1054500
2024-07-18,46.86000061035156,47.0,45.810001373291016,46.25,567700
2024-07-19,46.06499862670898,46.4370002746582,45.53099822998047,45.630001068115234,567600
2024-07-22,46.41999816894531,46.9900016784668,46.2400016784668,46.7400016784668,1101500
2024-07-23,46.88999938964844,47.18999862670898,46.650001525878906,46.709999084472656,436500
2024-07-24,45.119998931884766,45.18000030517578,43.8650016784668,43.880001068115234,1130900
2024-07-25,44.04999923706055,44.54999923706055,42.81999969482422,43.43999862670898,1293100
2024-07-26,43.90999984741211,44.18999862670898,43.36000061035156,43.88999938964844,468100
2024-07-29,44.22999954223633,44.77999877929688,44.040000915527344,44.34999847412109,822000
2024-07-30,44.52000045776367,44.52000045776367,42.959999084472656,43.45000076293945,534900
2024-07-31,44.470001220703125,45.09000015258789,44.29999923706055,44.95000076293945,837100
2024-08-01,45.58000183105469,46.04999923706055,43.630001068115234,44.0099983215332,848700
2024-08-02,42.68000030517578,43.36000061035156,42.130001068115234,42.5099983215332,1525100
2024-08-05,38.75,41.65999984741211,38.5099983215332,40.88999938964844,1579400
2024-08-06,41.2599983215332,42.09700012207031,40.4109992980957,41.400001525878906,679000
2024-08-07,42.11000061035156,42.36000061035156,40.79999923706055,40.81999969482422,599300
2024-08-08,41.59999847412109,42.220001220703125,40.97999954223633,42.130001068115234,445200
2024-08-09,41.91999816894531,42.4900016784668,41.810001373291016,42.43999862670898,423500
2024-08-12,42.59999847412109,42.81999969482422,42.28499984741211,42.560001373291016,375200
2024-08-13,42.95000076293945,43.880001068115234,42.95000076293945,43.84000015258789,551100
2024-08-14,43.959999084472656,44.04999923706055,43.11000061035156,43.52000045776367,569200
2024-08-15,44.09999847412109,44.900001525878906,44.04999923706055,44.880001068115234,648600
2024-08-16,44.63999938964844,45.11000061035156,44.52000045776367,44.93999862670898,410700
2024-08-19,45.02000045776367,45.66999816894531,44.810001373291016,45.66999816894531,654800
2024-08-20,45.68000030517578,45.94300079345703,45.290000915527344,45.52999877929688,479300
2024-08-21,45.56999969482422,45.97999954223633,45.34099960327149,45.7599983215332,543000
2024-08-22,45.95000076293945,46.08000183105469,44.540000915527344,44.59000015258789,782200
2024-08-23,45.060001373291016,45.66999816894531,44.790000915527344,45.43000030517578,803800
2024-08-26,45.31999969482422,45.400001525878906,44.400001525878906,44.81999969482422,660900
2024-08-27,44.59000015258789,44.8489990234375,44.27000045776367,44.66999816894531,387300
2024-08-28,44.70000076293945,44.79100036621094,43.75,44.119998931884766,639100
2024-08-29,44.34000015258789,44.95000076293945,43.790000915527344,43.91999816894531,680100
2024-08-30,44.18000030517578,44.63999938964844,43.970001220703125,44.63999938964844,443900
2024-09-03,44.36000061035156,44.41999816894531,42.96099853515625,43.150001525878906,699600
2024-09-04,42.77999877929688,43.66999816894531,42.77999877929688,43.2599983215332,690800
2024-09-05,43.34000015258789,44.54999923706055,43.34000015258789,43.93000030517578,755200
2024-09-06,44.18999862670898,44.27000045776367,42.220001220703125,42.220001220703125,899600
2024-09-09,42.79999923706055,43.06900024414063,42.38999938964844,42.81999969482422,397500
2024-09-10,43.18000030517578,43.54999923706055,42.7859992980957,43.47999954223633,1030300
2024-09-11,43.65999984741211,44.59000015258789,42.72999954223633,44.560001373291016,804000
2024-09-12,44.61000061035156,45.209999084472656,44.45000076293945,45.150001525878906,582700
2024-09-13,45.060001373291016,45.3380012512207,44.93999862670898,45.25,814100
2024-09-16,44.84999847412109,44.95000076293945,44.34000015258789,44.84999847412109,416100
2024-09-17,45.36000061035156,45.59999847412109,44.84999847412109,45.130001068115234,520200
2024-09-18,45.27000045776367,45.79999923706055,44.91999816894531,45.04999923706055,634800
2024-09-19,46.209999084472656,46.83000183105469,46.06999969482422,46.720001220703125,1055400
2024-09-20,46.68000030517578,46.84000015258789,46.09999847412109,46.5,792600
2024-09-23,46.72999954223633,47.0099983215332,46.61000061035156,46.86000061035156,524000
2024-09-24,47.18999862670898,47.2400016784668,46.41999816894531,47.22999954223633,576500
2024-09-25,47.18000030517578,47.54999923706055,47.08000183105469,47.45000076293945,556800
2024-09-26,48.04999923706055,48.04999923706055,47.040000915527344,47.34000015258789,1152500
2024-09-27,47.54999923706055,47.54999923706055,47.130001068115234,47.34000015258789,462300
2024-09-30,47.11000061035156,47.68000030517578,47.02399826049805,47.68000030517578,479200
2024-10-01,47.68999862670898,47.720001220703125,46.47999954223633,46.970001220703125,786100
2024-10-02,46.58000183105469,46.880001068115234,46.25,46.720001220703125,744100
2024-10-03,46.52000045776367,47.040000915527344,46.42100143432617,46.68999862670898,296200
2024-10-04,47.290000915527344,47.5,46.79999923706055,47.5,593300
2024-10-07,47.33000183105469,47.45000076293945,46.59000015258789,46.61000061035156,510200
2024-10-08,47.060001373291016,47.5,46.900001525878906,47.45000076293945,610600
2024-10-09,47.52000045776367,47.540000915527344,47.06999969482422,47.45000076293945,483700
2024-10-10,47.36000061035156,47.65999984741211,47.025001525878906,47.459999084472656,466700
2024-10-11,46.88999938964844,47.2599983215332,46.69499969482422,47.0,528400
2024-10-14,47.380001068115234,47.72999954223633,47.34999847412109,47.4900016784668,500100
2024-10-15,47.650001525878906,47.73500061035156,46.75,47.11000061035156,552900
2024-10-16,47.09000015258789,47.220001220703125,46.66999816894531,47.16999816894531,489300
2024-10-17,47.650001525878906,47.70000076293945,47.08000183105469,47.18000030517578,397600
2024-10-18,47.45000076293945,47.57799911499024,47.33000183105469,47.38999938964844,347400
2024-10-21,47.2400016784668,47.75,47.13999938964844,47.75,501700
2024-10-22,47.380001068115234,48.08000183105469,47.32099914550781,47.9900016784668,528200
2024-10-23,47.81999969482422,47.84999847412109,46.61199951171875,46.90999984741211,635600
2024-10-24,47.91999816894531,48.41600036621094,47.66400146484375,48.34999847412109,1084200
2024-10-25,48.40999984741211,49.27000045776367,48.400001525878906,48.95000076293945,1273800
2024-10-28,49.4900016784668,49.5,48.86000061035156,48.88999938964844,1001900
2024-10-29,49.0,49.41999816894531,48.75,49.34000015258789,729400
2024-10-30,49.90999984741211,49.97999954223633,49.25400161743164,49.36000061035156,1209600
2024-10-31,48.68999862670898,48.720001220703125,47.459999084472656,47.459999084472656,1139600
2024-11-01,47.91999816894531,48.43000030517578,47.91999816894531,48.02000045776367,825300
2024-11-04,47.79999923706055,48.06999969482422,47.382999420166016,47.63999938964844,604200
2024-11-05,47.869998931884766,48.61000061035156,47.869998931884766,48.459999084472656,656500
2024-11-06,49.630001068115234,50.45000076293945,49.47999954223633,50.43999862670898,1540100
2024-11-07,50.650001525878906,51.68000030517578,50.630001068115234,51.58000183105469,1268900
2024-11-08,51.59999847412109,52.09000015258789,51.4900016784668,51.90999984741211,978200
2024-11-11,52.5099983215332,52.58000183105469,51.7400016784668,52.33000183105469,1354000
2024-11-12,52.31999969482422,52.52899932861328,51.79999923706055,52.150001525878906,810000
2024-11-13,52.22999954223633,52.4900016784668,51.77000045776367,52.11000061035156,739400
2024-11-14,52.119998931884766,52.25,51.34999847412109,51.459999084472656,1127500
2024-11-15,50.86000061035156,51.06999969482422,50.1349983215332,50.459999084472656,1184500
2024-11-18,50.97999954223633,51.41999816894531,50.78499984741211,51.09000015258789,925200
2024-11-19,50.84000015258789,52.02000045776367,50.79999923706055,52.02000045776367,935800
2024-11-20,51.91999816894531,51.93000030517578,50.90999984741211,51.68999862670898,952400
2024-11-21,52.02999877929688,52.09999847412109,50.34999847412109,51.09999847412109,1209100
2024-11-22,51.02999877929688,51.25,50.72999954223633,51.040000915527344,659600
2024-11-25,51.58000183105469,51.72999954223633,50.68000030517578,50.77999877929688,919200
2024-11-26,50.93000030517578,51.5880012512207,50.91999816894531,51.45000076293945,804500
2024-11-27,51.36000061035156,51.38999938964844,50.59000015258789,51.0,1021400
2024-11-29,51.150001525878906,51.75,50.90999984741211,51.75,507500
2024-12-02,52.0,52.757999420166016,51.97999954223633,52.68000030517578,1551900
2024-12-03,52.52999877929688,53.040000915527344,52.38999938964844,52.959999084472656,928000
2024-12-04,53.310001373291016,53.88999938964844,53.20000076293945,53.88999938964844,1556500
2024-12-05,54.119998931884766,54.4900016784668,54.04999923706055,54.22999954223633,1145100
2024-12-06,54.40999984741211,55.09000015258789,54.290000915527344,55.09000015258789,1355200
2024-12-09,55.08000183105469,55.290000915527344,54.41999816894531,54.90999984741211,1550400
2024-12-10,55.380001068115234,56.220001220703125,55.20000076293945,55.459999084472656,2903200
2024-12-11,55.970001220703125,57.13999938964844,55.8849983215332,57.13999938964844,3586600
2024-12-12,56.9900016784668,57.244998931884766,56.59000015258789,56.66999816894531,3858200
2024-12-13,56.66999816894531,56.959999084472656,56.09000015258789,56.619998931884766,2299700
2024-12-16,57.13999938964844,58.02999877929688,56.77999877929688,57.95000076293945,2632100
2024-12-17,58.119998931884766,58.32500076293945,57.59999847412109,58.2400016784668,2462500
2024-12-18,58.0,58.68999862670898,55.400001525878906,55.66999816894531,3827900
2024-12-19,56.84000015258789,56.88999938964844,55.72999954223633,55.84000015258789,3786800
2024-12-20,55.06999969482422,56.84000015258789,54.63999938964844,55.90999984741211,2749100
2024-12-23,56.34999847412109,56.83000183105469,55.625,56.7599983215332,2493400
2024-12-24,56.93000030517578,58.08000183105469,56.90999984741211,58.08000183105469,2603500
2024-12-26,58.0099983215332,58.0099983215332,57.34999847412109,57.66999816894531,2560300
2024-12-27,57.22999954223633,57.2599983215332,55.75,56.33000183105469,2750300
2024-12-30,54.98500061035156,55.71900177001953,54.81999969482422,55.18999862670898,2565900
2024-12-31,55.40999984741211,55.52999877929688,54.31999969482422,54.41999816894531,2006400
2025-01-02,54.58000183105469,54.95000076293945,53.52000045776367,54.15999984741211,2345300
2025-01-03,54.65999984741211,55.540000915527344,54.54999923706055,55.540000915527344,2547400
2025-01-06,56.31999969482422,56.94900131225586,56.17100143432617,56.65999984741211,3194400
2025-01-07,56.72999954223633,56.83000183105469,54.91999816894531,55.150001525878906,3092300
2025-01-08,55.16999816894531,55.55799865722656,54.56999969482422,55.040000915527344,1731700
2025-01-10,54.70000076293945,54.9900016784668,53.630001068115234,54.380001068115234,2316900
2025-01-13,53.41999816894531,54.15999984741211,53.15999984741211,54.11000061035156,1902800
2025-01-14,54.59999847412109,54.71500015258789,53.2400016784668,53.56999969482422,2038400
2025-01-15,54.59999847412109,55.59000015258789,54.34000015258789,55.5099983215332,3018900
2025-01-16,55.4900016784668,55.5,54.43000030517578,54.45000076293945,2183000
2025-01-17,55.59999847412109,55.810001373291016,55.060001373291016,55.43999862670898,2824000
2025-01-21,55.73500061035156,55.77000045776367,54.77999877929688,55.59000015258789,2574200
2025-01-22,55.93000030517578,56.66999816894531,55.93000030517578,56.43999862670898,2227800
2025-01-23,56.27000045776367,56.560001373291016,56.09999847412109,56.560001373291016,1391700
2025-01-24,56.65999984741211,56.96900177001953,56.1150016784668,56.31999969482422,1641900
2025-01-27,53.880001068115234,55.15499877929688,53.79999923706055,54.58000183105469,3502700
2025-01-28,54.93000030517578,56.290000915527344,54.54999923706055,56.220001220703125,2720200
2025-01-29,55.97999954223633,55.97999954223633,55.09000015258789,55.63999938964844,1819200
2025-01-30,55.959999084472656,56.08000183105469,54.75,55.630001068115234,1747000
2025-01-31,56.18000030517578,56.790000915527344,55.45000076293945,55.650001525878906,2284700
2025-02-03,54.220001220703125,55.150001525878906,54.0,54.70000076293945,2826400
2025-02-04,54.97999954223633,55.75,54.86000061035156,55.68000030517578,1396200
2025-02-05,54.72999954223633,55.03200149536133,54.560001373291016,54.88999938964844,2216600
2025-02-06,55.040000915527344,55.41999816894531,54.81999969482422,55.41999816894531,1472500
2025-02-07,55.09000015258789,55.51800155639648,54.23500061035156,54.310001373291016,2628300
2025-02-10,54.560001373291016,55.06999969482422,54.51499938964844,54.630001068115234,1794000
2025-02-11,54.34999847412109,54.744998931884766,54.0,54.310001373291016,1306500
2025-02-12,53.81999969482422,54.59000015258789,53.709999084472656,54.29999923706055,1623300
2025-02-13,54.47999954223633,55.310001373291016,54.34999847412109,55.27999877929688,1744700
2025-02-14,55.2400016784668,55.63999938964844,55.13999938964844,55.54999923706055,1528500
2025-02-18,55.720001220703125,55.82699966430664,54.672000885009766,55.119998931884766,1589600
2025-02-19,55.0,55.38999938964844,54.823001861572266,55.27000045776367,1410800
2025-02-20,55.150001525878906,55.27999877929688,54.5099983215332,54.9900016784668,1304900
2025-02-21,55.119998931884766,55.209999084472656,53.540000915527344,53.61000061035156,2108800
2025-02-24,53.880001068115234,54.15999984741211,52.77000045776367,52.79999923706055,1951600
2025-02-25,52.56999969482422,52.63100051879883,51.09999847412109,51.720001220703125,2611400
2025-02-26,52.02000045776367,52.52999877929688,51.43999862670898,51.77000045776367,1745600
2025-02-27,52.34999847412109,52.45000076293945,50.10499954223633,50.119998931884766,2905900
2025-02-28,50.0,51.22999954223633,49.380001068115234,51.209999084472656,2832300
2025-03-03,51.470001220703125,51.63999938964844,49.060001373291016,49.5099983215332,2680100
2025-03-04,48.630001068115234,50.20700073242188,48.119998931884766,49.27999877929688,3555100
2025-03-05,49.52000045776367,50.36000061035156,48.869998931884766,50.22999954223633,2386200
2025-03-06,49.25,49.90999984741211,48.40999984741211,48.72999954223633,3167100
2025-03-07,48.4900016784668,49.20000076293945,47.52999877929688,48.86000061035156,2961200
2025-03-10,47.66999816894531,47.7400016784668,45.79999923706055,46.33000183105469,4173000
2025-03-11,46.119998931884766,47.26100158691406,45.810001373291016,46.5099983215332,3778900
2025-03-12,47.77000045776367,47.95000076293945,46.77299880981445,47.58000183105469,2934500
2025-03-13,47.560001373291016,47.56999969482422,46.09000015258789,46.310001373291016,2054500
2025-03-14,47.060001373291016,47.72999954223633,46.75,47.66999816894531,4057400
2025-03-17,47.63999938964844,47.75,46.72999954223633,47.18999862670898,2624200
2025-03-18,46.63999938964844,46.68999862670898,45.66999816894531,45.97999954223633,3621700
2025-03-19,46.34999847412109,47.290000915527344,46.172000885009766,46.75,2977700
2025-03-20,46.38999938964844,47.5099983215332,46.22999954223633,46.68000030517578,2877700
2025-03-21,46.18999862670898,47.380001068115234,46.18999862670898,47.310001373291016,2569500
2025-03-24,48.31999969482422,48.95000076293945,48.15800094604492,48.869998931884766,3344400
2025-03-25,49.13999938964844,49.459999084472656,48.83000183105469,49.459999084472656,2546400
2025-03-26,49.18999862670898,49.18999862670898,47.76499938964844,47.93999862670898,3572300
2025-03-27,47.66999816894531,48.5,47.595001220703125,47.7400016784668,2568300
2025-03-28,47.470001220703125,47.64599990844727,45.93999862670898,46.02999877929688,3623200
2025-03-31,45.0,46.04999923706055,44.36000061035156,45.86000061035156,3602700
2025-04-01,45.709999084472656,46.98500061035156,45.65999984741211,46.68999862670898,3223000
2025-04-02,45.68000030517578,47.54999923706055,45.54999923706055,47.18000030517578,3457200
2025-04-03,44.5,44.880001068115234,43.880001068115234,43.93999862670898,5213400
2025-04-04,42.29999923706055,43.03499984741211,41.27999877929688,41.36000061035156,5834800
2025-04-07,39.29999923706055,43.60200119018555,39.0,41.470001220703125,7336400
2025-04-08,43.36000061035156,43.75899887084961,39.90900039672852,40.5,5559100
2025-04-09,40.59000015258789,46.67499923706055,40.59000015258789,46.41999816894531,8761200
2025-04-10,44.970001220703125,45.165000915527344,42.59000015258789,44.02000045776367,4908800
2025-04-11,43.775001525878906,44.95000076293945,43.47999954223633,44.86000061035156,3823900
2025-04-14,46.09999847412109,46.15999984741211,44.38999938964844,44.869998931884766,2723200
2025-04-15,44.79999923706055,45.125,44.31999969482422,44.54999923706055,2145400
2025-04-16,43.41999816894531,43.79999923706055,42.04499816894531,42.77999877929688,3296600
2025-04-17,43.08000183105469,43.20299911499024,42.20000076293945,42.47999954223633,2099500
2025-04-21,41.52999877929688,41.61600112915039,40.58000183105469,41.060001373291016,2812900
2025-04-22,41.63999938964844,42.810001373291016,41.4900016784668,42.40999984741211,2415100
2025-04-23,44.34999847412109,44.77000045776367,43.632999420166016,43.83000183105469,3166000
2025-04-24,43.91999816894531,45.13999938964844,43.87900161743164,45.119998931884766,2957900
2025-04-25,45.56999969482422,46.630001068115234,45.220001220703125,46.4900016784668,3434100
2025-04-28,46.72999954223633,46.83000183105469,45.47999954223633,46.310001373291016,2038400
2025-04-29,46.09000015258789,46.65999984741211,45.79499816894531,46.59000015258789,1285900
2025-04-30,45.470001220703125,46.27000045776367,44.77999877929688,45.9900016784668,2375700
2025-05-01,47.619998931884766,48.119998931884766,47.2599983215332,47.45000076293945,3746800
2025-05-02,47.84999847412109,48.43000030517578,47.375,48.040000915527344,3196700
2025-05-05,47.52999877929688,47.88999938964844,47.27999877929688,47.540000915527344,1490200
2025-05-06,46.900001525878906,47.5099983215332,46.84000015258789,47.150001525878906,1471800
2025-05-07,47.34999847412109,47.54499816894531,46.275001525878906,46.970001220703125,2396600
2025-05-08,47.709999084472656,48.18000030517578,47.18999862670898,47.66999816894531,1871600
2025-05-09,47.95000076293945,48.400001525878906,47.65999984741211,47.88999938964844,1312800
2025-05-12,50.560001373291016,50.66999816894531,49.72999954223633,50.66999816894531,3872500
2025-05-13,50.95000076293945,51.98400115966797,50.73199844360352,51.79999923706055,3410800
2025-05-14,52.29999923706055,52.880001068115234,52.040000915527344,52.75,2663400
2025-05-15,52.25,52.608001708984375,51.790000915527344,52.150001525878906,2083800
2025-05-16,52.43000030517578,52.560001373291016,51.81999969482422,52.43999862670898,2111700
2025-05-19,51.369998931884766,52.34000015258789,51.36000061035156,52.27000045776367,1961600
2025-05-20,52.22999954223633,52.43000030517578,51.630001068115234,51.9900016784668,1222900
2025-05-21,51.619998931884766,52.58000183105469,51.20000076293945,51.41999816894531,2748300
2025-05-22,51.5,52.36000061035156,51.380001068115234,51.880001068115234,2482000
2025-05-23,50.900001525878906,51.54999923706055,50.77000045776367,51.13999938964844,3094900
2025-05-27,52.0099983215332,52.91999816894531,51.98099899291992,52.91999816894531,2843100
2025-05-28,53.0,53.18999862670898,52.5099983215332,52.58000183105469,1970900
2025-05-29,53.70000076293945,53.709999084472656,52.630001068115234,52.900001525878906,2720600
2025-05-30,52.650001525878906,52.84000015258789,51.65999984741211,52.34999847412109,2995300
2025-06-02,52.0099983215332,52.7599983215332,51.91999816894531,52.72999954223633,2237100
2025-06-03,52.79999923706055,53.34999847412109,52.560001373291016,52.86000061035156,1905400
2025-06-04,53.02000045776367,53.13999938964844,52.540000915527344,52.95000076293945,1303700
2025-06-05,52.93999862670898,53.18999862670898,51.2400016784668,51.560001373291016,3873700
2025-06-06,52.56999969482422,52.97999954223633,52.540000915527344,52.70000076293945,2788800
2025-06-09,52.68000030517578,53.334999084472656,52.56999969482422,53.27000045776367,1844800
2025-06-10,53.4900016784668,54.0,53.27999877929688,54.0,2324700
2025-06-11,54.36000061035156,54.38999938964844,53.34999847412109,53.540000915527344,2079000
2025-06-12,53.25,53.75,53.25,53.5099983215332,2048100
2025-06-13,52.900001525878906,53.68999862670898,52.744998931884766,53.150001525878906,3264700
2025-06-16,53.63999938964844,54.08000183105469,53.5,54.0099983215332,1432700
2025-06-17,53.70000076293945,53.84000015258789,53.27999877929688,53.34999847412109,1286800
2025-06-18,53.400001525878906,53.90499877929688,53.27000045776367,53.43999862670898,1251300
2025-06-20,53.79999923706055,54.0,52.77199935913086,52.86000061035156,2004700
2025-06-23,52.9900016784668,54.0,52.77000045776367,53.90999984741211,2293700
2025-06-24,54.52999877929688,54.52999877929688,54.08000183105469,54.29999923706055,1624900
2025-06-25,54.619998931884766,54.77000045776367,54.220001220703125,54.5,1767800
2025-06-26,54.75,55.20000076293945,54.45100021362305,55.0099983215332,3875400
2025-06-27,55.220001220703125,55.619998931884766,54.77000045776367,55.58000183105469,2918500
2025-06-30,55.900001525878906,55.900001525878906,55.20500183105469,55.470001220703125,1772500
2025-07-01,55.0,55.257999420166016,54.38999938964844,54.630001068115234,2445600
2025-07-02,54.880001068115234,55.459999084472656,54.72999954223633,55.43000030517578,1490600
2025-07-03,55.77000045776367,56.0,55.59999847412109,55.93000030517578,1128200
2025-07-07,55.18000030517578,55.43000030517578,54.845001220703125,55.060001373291016,1888000
2025-07-08,55.27999877929688,55.36899948120117,54.87200164794922,55.02000045776367,1084800
2025-07-09,55.15999984741211,55.90999984741211,55.15999984741211,55.65999984741211,1474300
2025-07-10,55.7400016784668,56.04999923706055,55.38999938964844,55.9900016784668,1229900
2025-07-11,55.709999084472656,56.369998931884766,55.619998931884766,56.2400016784668,1874500
2025-07-14,56.31999969482422,56.52000045776367,55.91999816894531,56.209999084472656,1842500
2025-07-15,56.869998931884766,56.88999938964844,56.45500183105469,56.47999954223633,1896600
2025-07-16,56.6150016784668,56.7599983215332,56.14099884033203,56.619998931884766,1626100
2025-07-17,56.72999954223633,56.92499923706055,56.52000045776367,56.790000915527344,1045500
2025-07-18,57.06999969482422,57.18999862670898,56.77000045776367,57.18999862670898,2258900
2025-07-21,57.29999923706055,57.79999923706055,57.29999923706055,57.61000061035156,1337600
2025-07-22,57.72999954223633,57.790000915527344,56.7400016784668,57.38999938964844,1753500
2025-07-23,57.5,57.65999984741211,57.242000579833984,57.619998931884766,1474200
2025-07-24,57.59999847412109,57.70000076293945,57.2400016784668,57.470001220703125,1201800
2025-07-25,57.54999923706055,58.09000015258789,57.507999420166016,57.7599983215332,1774500
2025-07-28,57.959999084472656,58.20000076293945,57.900001525878906,58.20000076293945,940700
2025-07-29,58.36000061035156,58.459999084472656,57.7599983215332,57.77000045776367,1248200
2025-07-30,57.97999954223633,58.02999877929688,57.38999938964844,57.81999969482422,1505400
2025-07-31,59.77000045776367,59.77000045776367,58.400001525878906,58.59000015258789,2961800
2025-08-01,57.459999084472656,57.84000015258789,56.5,56.72999954223633,4934800
2025-08-04,57.380001068115234,57.970001220703125,57.290000915527344,57.900001525878906,2590700
2025-08-05,57.970001220703125,58.30899810791016,57.56499862670898,57.59000015258789,1370200
2025-08-06,57.66999816894531,58.77000045776367,57.66999816894531,58.7400016784668,1941900
2025-08-07,59.130001068115234,59.40999984741211,58.47999954223633,58.959999084472656,2273200
2025-08-08,59.119998931884766,59.95000076293945,59.040000915527344,59.93000030517578,3590600
2025-08-11,59.93000030517578,60.40499877929688,59.6870002746582,59.900001525878906,2016500
2025-08-12,60.29999923706055,60.630001068115234,59.7400016784668,60.56999969482422,1965100
2025-08-13,60.7599983215332,60.959999084472656,60.18999862670898,60.369998931884766,1865000
2025-08-14,60.34000015258789,60.81999969482422,60.27999877929688,60.63999938964844,1529200
2025-08-15,60.900001525878906,60.900001525878906,60.34999847412109,60.47999954223633,2283400
2025-08-18,60.29999923706055,60.45000076293945,60.04999923706055,60.31999969482422,1148800
2025-08-19,60.275001525878906,60.29999923706055,59.23099899291992,59.34000015258789,1865500
2025-08-20,59.119998931884766,59.209999084472656,57.83000183105469,58.68000030517578,2882700
2025-08-21,58.47999954223633,58.77999877929688,58.14500045776367,58.380001068115234,1404500
2025-08-22,58.56999969482422,59.959999084472656,58.31999969482422,59.810001373291016,3550900
2025-08-25,59.77999877929688,60.43000030517578,59.560001373291016,60.09999847412109,1798900
2025-08-26,59.94499969482422,60.334999084472656,59.68999862670898,60.29999923706055,1044900
2025-08-27,60.2400016784668,60.5,60.05500030517578,60.34000015258789,1851800
2025-08-28,60.34999847412109,60.75,60.11000061035156,60.630001068115234,1548600
2025-08-29,60.39500045776367,60.43000030517578,59.61000061035156,59.790000915527344,2137100
2025-09-02,58.65999984741211,59.209999084472656,58.3120002746582,59.11000061035156,2232400
2025-09-03,60.310001373291016,60.72999954223633,60.040000915527344,60.560001373291016,2141600
2025-09-04,60.79999923706055,61.36000061035156,60.540000915527344,61.33000183105469,2706400
2025-09-05,61.5,61.709999084472656,60.68999862670898,61.209999084472656,3600400
2025-09-08,61.540000915527344,61.85900115966797,61.18999862670898,61.27000045776367,1187900
2025-09-09,61.45000076293945,61.7599983215332,61.15999984741211,61.720001220703125,2197200
2025-09-10,62.11000061035156,62.11000061035156,61.220001220703125,61.38999938964844,2829500
2025-09-11,61.650001525878906,62.06800079345703,61.27999877929688,62.0,1657500
2025-09-12,62.119998931884766,62.970001220703125,61.970001220703125,62.93000030517578,3034500
2025-09-15,63.79999923706055,64.38999938964844,63.66699981689453,64.13999938964844,2399000
2025-09-16,64.32499694824219,64.54000091552734,64.13999938964844,64.41999816894531,2077700
2025-09-17,64.22000122070312,64.30999755859375,63.34999847412109,64.08000183105469,2617000
2025-09-18,64.62999725341797,64.7300033569336,64.26000213623047,64.30000305175781,7644700
2025-09-19,64.7699966430664,65.12000274658203,64.66500091552734,65.11000061035156,3035900
2025-09-22,65.18000030517578,65.68000030517578,65.125,65.58000183105469,2472800
2025-09-23,65.7300033569336,65.7300033569336,64.44499969482422,64.56999969482422,2660400
2025-09-24,64.93000030517578,64.98999786376953,64.16999816894531,64.63999938964844,1859600
2025-09-25,64.0999984741211,64.43000030517578,63.5099983215332,64.0999984741211,3056700
2025-09-26,64.23999786376953,64.5770034790039,63.720001220703125,64.44999694824219,2904900
2025-09-29,64.83999633789062,65.26000213623047,64.54000091552734,64.77999877929688,2050000
2025-09-30,64.66999816894531,64.92500305175781,64.14700317382812,64.86000061035156,1630500
2025-10-01,64.38999938964844,65.38999938964844,64.29000091552734,65.20999908447266,2028700
2025-10-02,65.69999694824219,65.69999694824219,64.88200378417969,64.98999786376953,1876800
2025-10-03,65.12000274658203,65.26000213623047,64.08999633789062,64.43000030517578,3514800
2025-10-06,64.62999725341797,65.43000030517578,64.27999877929688,65.36000061035156,2285200
2025-10-07,65.25,65.41000366210938,64.52999877929688,64.63999938964844,2069300
2025-10-08,64.80000305175781,65.27999877929688,64.58999633789062,65.19000244140625,1851300
2025-10-09,65.19000244140625,65.2959976196289,64.65499877929688,65.27999877929688,1674700
2025-10-10,65.26499938964844,65.5999984741211,62.75,62.790000915527344,5894000
2025-10-13,63.810001373291016,64.2969970703125,63.44499969482422,64.23999786376953,2545600
2025-10-14,63.310001373291016,64.05000305175781,62.59999847412109,63.470001220703125,2332100
2025-10-15,64.18000030517578,64.4000015258789,63.11000061035156,63.95000076293945,1982100
2025-10-16,64.0999984741211,64.59500122070312,63.09000015258789,63.66999816894531,2432100
2025-10-17,63.42499923706055,64.43599700927734,63.220001220703125,64.33000183105469,3785800
2025-10-20,64.70999908447266,65.375,64.61000061035156,65.29000091552734,2491700
2025-10-21,65.33999633789062,65.41000366210938,64.90499877929688,65.16000366210938,2595800
2025-10-22,65.25,65.4000015258789,64.0199966430664,64.86000061035156,3797400
2025-10-23,64.5999984741211,65.48500061035156,64.31999969482422,65.36000061035156,2714500
2025-10-24,65.68000030517578,65.9800033569336,65.58000183105469,65.86000061035156,3612600
2025-10-27,66.86000061035156,67.58000183105469,66.7750015258789,67.4800033569336,3741600
2025-10-28,68.06999969482422,68.62999725341797,67.72000122070312,68.37000274658203,3457800
2025-10-29,69.0199966430664,69.13999938964844,68.29000091552734,69.05999755859375,4947800
2025-10-30,68.0999984741211,68.0999984741211,66.94999694824219,66.94999694824219,5163500
2025-10-31,68.97000122070312,68.97000122070312,67.55500030517578,67.95999908447266,7300700
2025-11-03,68.76000213623047,69.08999633789062,68.52999877929688,68.6500015258789,3535300
2025-11-04,67.37000274658203,68.05000305175781,67.04000091552734,67.08000183105469,3370000
2025-11-05,67.26000213623047,68.0199966430664,66.81999969482422,67.58999633789062,3710400
2025-11-06,67.55999755859375,67.55999755859375,65.91999816894531,66.19000244140625,3675400
2025-11-07,65.66999816894531,65.69999694824219,64.44000244140625,65.6500015258789,6349600
2025-11-10,66.83999633789062,67.56500244140625,66.70999908447266,67.47000122070312,4023300
2025-11-11,67.0199966430664,67.3499984741211,66.62000274658203,67.2699966430664,1939900
2025-11-12,67.55999755859375,67.58999633789062,66.0250015258789,66.5,2456500
2025-11-13,65.98999786376953,66.04199981689453,64.47000122070312,64.80000305175781,4905800
2025-11-14,63.650001525878906,65.43699645996094,63.310001373291016,64.88999938964844,4734700
2025-11-17,64.70999908447266,65.5999984741211,64.23999786376953,64.75,4302800
2025-11-18,64.12000274658203,64.52999877929688,62.93000030517578,63.540000915527344,7007200
2025-11-19,63.77000045776367,64.88999938964844,63.5099983215332,64.05999755859375,3342500
2025-11-20,65.79000091552734,66.11000061035156,62.82500076293945,62.93999862670898,7474100
2025-11-21,63.22999954223633,64.30000305175781,62.36000061035156,63.459999084472656,5799200
2025-11-24,64.33000183105469,65.72000122070312,64.2300033569336,65.55000305175781,4466000
2025-11-25,65.55000305175781,66.12999725341797,64.73999786376953,66.0199966430664,3189000
2025-11-26,66.4800033569336,66.56999969482422,65.91000366210938,66.30999755859375,2250800
2025-11-28,66.5,66.77999877929688,66.27999877929688,66.76000213623047,3062500
2025-12-01,66.19499969482422,66.81999969482422,66.06999969482422,66.68000030517578,1869400
2025-12-02,66.95999908447266,67.4000015258789,66.54199981689453,67.0,2311900
2025-12-03,66.73999786376953,67.2750015258789,66.61199951171875,67.0,1999900
2025-12-04,67.70999908447266,67.76000213623047,66.79000091552734,67.33000183105469,1961900
2025-12-05,67.48500061035156,67.7699966430664,67.2300033569336,67.62000274658203,3122300
2025-12-08,67.37999725341797,67.52999877929688,66.72000122070312,67.0199966430664,1747400
2025-12-09,66.81999969482422,67.37000274658203,66.65499877929688,67.16000366210938,1311300
2025-12-10,66.95500183105469,67.38999938964844,66.68000030517578,67.19000244140625,2408200
2025-12-11,66.80999755859375,66.84500122070312,66.0999984741211,66.69000244140625,2454800
2025-12-12,66.62000274658203,67.04000091552734,65.55000305175781,66.1500015258789,4401100
2025-12-15,66.76000213623047,66.85199737548828,65.91000366210938,66.2300033569336,1764700
2025-12-16,65.9000015258789,66.93000030517578,65.75,66.76000213623047,3139800
2025-12-17,66.81999969482422,66.81999969482422,65.3010025024414,65.30999755859375,2875200
2025-12-18,66.25,67.06999969482422,65.81999969482422,66.58999633789062,1944500
2025-12-19,66.9000015258789,67.13500213623047,66.6500015258789,67.12000274658203,2794500
2025-12-22,67.61000061035156,67.69999694824219,67.19000244140625,67.48999786376953,2263700
2025-12-23,67.37000274658203,68.16999816894531,67.37000274658203,68.12999725341797,1593300
2025-12-24,68.08999633789062,68.20999908447266,67.84500122070312,68.16999816894531,1043600
2025-12-26,68.22000122070312,68.45999908447266,67.96499633789062,67.98999786376953,1220400
2025-12-29,67.43000030517578,67.61000061035156,67.25,67.45999908447266,1536300
2025-12-30,66.4000015258789,66.69499969482422,66.31999969482422,66.41000366210938,1192400
2025-12-31,66.5199966430664,66.54000091552734,65.95999908447266,65.95999908447266,1593400
2026-01-02,66.5,66.98999786376953,65.03099822998047,65.3499984741211,2986900
2026-01-05,65.83999633789062,66.3280029296875,65.66999816894531,65.88999938964844,2331600
2026-01-06,65.88999938964844,66.02999877929688,65.32499694824219,65.6500015258789,4034300
2026-01-07,65.73999786376953,66.48500061035156,65.5999984741211,65.9000015258789,2041200
2026-01-08,65.87999725341797,65.91999816894531,65.26000213623047,65.87999725341797,11603500
2026-01-09,65.80000305175781,66.43900299072266,65.4800033569336,66.37000274658203,3696100
2026-01-12,65.91000366210938,66.6449966430664,65.91000366210938,66.28500366210938,2844300
2026-01-13,66.3499984741211,66.4800033569336,65.62999725341797,65.98999786376953,2183800
2026-01-14,65.55000305175781,65.55000305175781,64.62999725341797,64.9800033569336,3820400
2026-01-15,65.52999877929688,65.5999984741211,64.91999816894531,65.08999633789062,2737400
2026-01-16,65.23999786376953,65.56500244140625,64.83000183105469,64.9000015258789,1967800
2026-01-20,63.59000015258789,63.845001220703125,62.77999877929688,62.93999862670898,5516700
2026-01-21,63.08000183105469,64.19999694824219,62.709999084472656,63.63999938964844,4688700
2026-01-22,64.37000274658203,65.05000305175781,64.11000061035156,64.93000030517578,3619300
2026-01-23,65.05500030517578,65.9749984741211,64.94000244140625,65.62000274658203,4558800
2026-01-26,65.68000030517578,66.2699966430664,65.58999633789062,65.91999816894531,1846400
2026-01-27,66.32499694824219,66.72000122070312,66.12999725341797,66.55000305175781,2797000
2026-01-28,66.80000305175781,66.97000122070312,66.22000122070312,66.54000091552734,2358400
2026-01-29,67.01000213623047,67.08799743652344,64.91000366210938,66.37999725341797,4762900
2026-01-30,66.19999694824219,66.73999786376953,65.8949966430664,66.1500015258789,3066400
2026-02-02,65.63999938964844,66.55999755859375,65.56999969482422,66.15499877929688,1774300
2026-02-03,66.31999969482422,66.38200378417969,64.56999969482422,65.08000183105469,2910300
2026-02-04,65.20999908447266,65.3499984741211,63.47999954223633,64.08999633789062,5078700
2026-02-05,62.810001373291016,63.40499877929688,62.0099983215332,62.81999969482422,5836100
2026-02-06,62.33000183105469,63.380001068115234,62.02999877929688,63.11000061035156,7610200
2026-02-09,63.02999877929688,64.19499969482422,62.68000030517578,63.84000015258789,4383500
2026-02-10,64.02999877929688,64.0999984741211,63.47499847412109,63.58000183105469,2701100
2026-02-11,64.0,64.2300033569336,62.93999862670898,63.18999862670898,2744100
2026-02-12,63.43000030517578,63.5,61.54999923706055,61.72999954223633,4917700
2026-02-13,61.67499923706055,61.77199935913086,60.88999938964844,61.150001525878906,9088000
2026-02-17,60.7400016784668,61.55500030517578,60.130001068115234,61.27000045776367,5627200
2026-02-18,61.39500045776367,62.095001220703125,61.27000045776367,61.68999862670898,4029500
2026-02-19,61.36000061035156,61.94499969482422,61.185001373291016,61.59000015258789,2994900
2026-02-20,61.33000183105469,62.72999954223633,61.13999938964844,62.59999847412109,6855400
2026-02-23,62.380001068115234,62.58000183105469,61.32500076293945,61.59999847412109,3038100
2026-02-24,61.560001373291016,62.39500045776367,61.209999084472656,62.310001373291016,2724300
2026-02-25,62.619998931884766,63.29899978637695,62.61000061035156,63.27000045776367,3039400
2026-02-26,63.150001525878906,63.19200134277344,61.77999877929688,62.27000045776367,3781800
2026-02-27,61.400001525878906,61.77999877929688,61.040000915527344,61.34999847412109,3993300
2026-03-02,60.29999923706055,61.91999816894531,60.150001525878906,61.61000061035156,7871800
2026-03-03,60.5,61.47999954223633,60.15999984741211,61.290000915527344,7548500
2026-03-04,61.560001373291016,62.470001220703125,61.43999862670898,62.22999954223633,3953100
2026-03-05,61.86000061035156,62.31999969482422,61.40999984741211,62.15999984741211,4736000
2026-03-06,61.38999938964844,61.665000915527344,60.86000061035156,60.9900016784668,5879900
2026-03-09,60.209999084472656,61.82500076293945,59.93000030517578,61.720001220703125,5625200
2026-03-10,61.790000915527344,62.334999084472656,61.57500076293945,61.93000030517578,3614700
2026-03-11,62.0,62.77999877929688,61.77999877929688,62.150001525878906,2347800
2026-03-12,61.650001525878906,61.77000045776367,60.83000183105469,60.95000076293945,4039500
2026-03-13,61.119998931884766,61.21900177001953,59.86000061035156,59.93999862670898,4167200
2026-03-16,60.59999847412109,61.27999877929688,60.52000045776367,60.880001068115234,2295900
2026-03-17,60.9900016784668,61.34999847412109,60.810001373291016,61.130001068115234,2836000
2026-03-18,60.79999923706055,61.1349983215332,60.11000061035156,60.20000076293945,2826300
2026-03-19,59.59999847412109,59.84000015258789,59.25,59.54999923706055,4310000
2026-03-20,59.27999877929688,59.38999938964844,57.93999862670898,58.369998931884766,4986500
2026-03-23,59.22999954223633,59.84999847412109,59.02999877929688,59.27999877929688,5909800
2026-03-24,58.9900016784668,59.04999923706055,58.41999816894531,58.5099983215332,3549800
2026-03-25,59.31999969482422,59.68000030517578,58.76499938964844,58.95000076293945,3314300
2026-03-26,58.35499954223633,58.525001525878906,56.97999954223633,57.02999877929688,3306600
2026-03-27,56.650001525878906,56.65999984741211,55.36000061035156,55.45000076293945,4448100
2026-03-30,56.06999969482422,56.09000015258789,55.084999084472656,55.38999938964844,3883000
2026-03-31,56.209999084472656,58.11000061035156,56.209999084472656,57.93999862670898,7517700
2026-04-01,58.5,59.125,58.23500061035156,58.68000030517578,5859500
2026-04-02,57.41999816894531,58.52999877929688,57.18000030517578,58.27000045776367,5314900
2026-04-06,58.400001525878906,58.7599983215332,58.02000045776367,58.380001068115234,2114100
2026-04-07,57.97999954223633,58.31999969482422,56.97999954223633,58.290000915527344,2841700
2026-04-08,60.68000030517578,60.83000183105469,59.44499969482422,59.81999969482422,4177200
2026-04-09,60.07500076293945,60.85699844360352,59.56999969482422,60.720001220703125,3117300
2026-04-10,60.91999816894531,61.369998931884766,60.84000015258789,61.13999938964844,3815000
2026-04-13,61.060001373291016,61.790000915527344,60.72999954223633,61.7599983215332,3225500
2026-04-14,62.36000061035156,63.75,62.29999923706055,63.61000061035156,9009800
2026-04-15,63.869998931884766,65.30999755859375,63.77999877929688,65.26000213623047,5520800
2026-04-16,65.52999877929688,65.55999755859375,64.56500244140625,65.30999755859375,3491500
2026-04-17,66.05999755859375,66.80999755859375,65.81999969482422,66.44999694824219,5607100
2026-04-20,66.0999984741211,66.26000213623047,65.20500183105469,65.76000213623047,3105400
2026-04-21,66.12999725341797,66.16999816894531,65.16999816894531,65.30999755859375,3784300
2026-04-22,65.83000183105469,66.44000244140625,65.5199966430664,66.44000244140625,2623600
2026-04-23,65.77999877929688,66.08499908447266,64.7300033569336,65.33000183105469,4083100
2026-04-24,65.5999984741211,66.72000122070312,65.33999633789062,66.56999969482422,4347200
2026-04-27,66.34500122070312,67.18000030517578,66.0999984741211,67.08000183105469,2937400
2026-04-28,66.55000305175781,67.05999755859375,66.29000091552734,66.86000061035156,2965200
2026-04-29,66.5,67.03500366210938,66.16999816894531,66.58000183105469,3757100
2026-04-30,66.70500183105469,66.81999969482422,64.88999938964844,66.23999786376953,6117600
2026-05-01,66.68000030517578,67.47000122070312,66.51000213623047,66.87000274658203,3618900
2026-05-04,66.91999816894531,67.23999786376953,66.37999725341797,66.97000122070312,2916300
2026-05-05,67.36000061035156,67.72000122070312,66.9000015258789,67.11000061035156,2632900
2026-05-06,67.19999694824219,68.52999877929688,67.0,68.45999908447266,3410400
2026-05-07,68.9800033569336,69.48999786376953,68.69000244140625,68.88999938964844,2925700
2026-05-08,69.0999984741211,69.83000183105469,69.08000183105469,69.62000274658203,2557100
2026-05-11,68.87000274658203,69.8499984741211,68.75,69.44000244140625,2421800
2026-05-12,69.12999725341797,69.45999908447266,68.3499984741211,69.12000274658203,2326700
2026-05-13,69.22000122070312,70.7699966430664,68.87999725341797,70.52999877929688,2272500
2026-05-14,70.72000122070312,71.16000366210938,70.37000274658203,70.94000244140625,3301900
2026-05-15,70.0199966430664,70.65499877929688,69.4800033569336,69.83999633789062,3598400
2026-05-18,69.81999969482422,70.2699966430664,68.98999786376953,69.45999908447266,2735100
2026-05-19,69.1500015258789,69.22000122070312,68.12000274658203,68.52999877929688,2830900
2026-05-20,68.61000061035156,69.48999786376953,68.47000122070312,69.48999786376953,2156900
2026-05-21,69.29000091552734,69.93000030517578,68.72000122070312,69.5,1657900
2026-05-22,69.76000213623047,69.97100067138672,69.27999877929688,69.36000061035156,2651500
2026-05-26,69.5999984741211,69.8499984741211,69.18000030517578,69.62999725341797,2285600
2026-05-27,69.62999725341797,70.33999633789062,69.51000213623047,70.33000183105469,1670700
2026-05-28,70.19000244140625,70.88700103759766,70.02999877929688,70.87000274658203,2361700
2026-05-29,70.69000244140625,71.01000213623047,70.33000183105469,70.70999908447266,3638200
2026-06-01,70.56999969482422,70.61000061035156,69.86000061035156,69.86000061035156,4412700
2026-06-02,69.36000061035156,69.91999816894531,68.83999633789062,69.16999816894531,2921200
2026-06-03,68.96499633789062,69.29000091552734,68.05000305175781,68.41999816894531,12230600
2026-06-04,68.58999633789062,69.32499694824219,68.5199966430664,69.12000274658203,2561600
2026-06-05,68.62999725341797,69.05999755859375,66.28099822998047,66.51000213623047,4710500
2026-06-08,66.88999938964844,67.16000366210938,66.45999908447266,66.52999877929688,1721700
2026-06-09,66.88999938964844,67.2249984741211,64.44999694824219,65.66000366210938,3969100
2026-06-10,65.16999816894531,65.6050033569336,64.1500015258789,64.22000122070312,3654000
2026-06-11,64.36000061035156,64.98999786376953,63.31999969482422,64.91000366210938,5677400
2026-06-12,65.30000305175781,65.30000305175781,64.04000091552734,64.91000366210938,4674500
2026-06-15,66.05500030517578,66.91500091552734,66.05500030517578,66.62000274658203,3352600
2026-06-16,66.30000305175781,66.76000213623047,66.12000274658203,66.41999816894531,2812200
2026-06-17,66.08000183105469,66.19999694824219,64.375,64.54000091552734,5358600
2026-06-18,65.08000183105469,65.68000030517578,64.2249984741211,65.44000244140625,5512800
2026-06-22,64.8499984741211,65.43000030517578,64.0199966430664,64.0199966430664,4334900
2026-06-23,63.36000061035156,64.01000213623047,63.13999938964844,63.13999938964844,4928100
2026-06-24,63.209999084472656,63.97999954223633,62.58000183105469,62.68000030517578,2840300
2026-06-25,62.150001525878906,62.18999862670898,60.8849983215332,61.06999969482422,10178900
2026-06-26,60.79999923706055,62.255001068115234,60.720001220703125,61.59999847412109,6474100
2026-06-29,62.5,63.619998931884766,62.43999862670898,63.52000045776367,9406200
2026-06-30,63.43999862670898,64.45899963378906,63.33000183105469,64.30000305175781,4457800
2026-07-01,65.31999969482422,66.37000274658203,64.70999908447266,65.83999633789062,7560000
2026-07-02,65.69999694824219,66.0999984741211,64.76000213623047,65.0999984741211,10040000
2026-07-06,65.36000061035156,66.41500091552734,64.87999725341797,66.27999877929688,3554500
2026-07-07,66.55999755859375,66.73999786376953,66.052001953125,66.23999786376953,3636300
2026-07-08,65.8499984741211,66.01499938964844,65.19999694824219,65.79000091552734,3485000
2026-07-09,64.9800033569336,66.80999755859375,64.66000366210938,66.76000213623047,4602200
2026-07-10,67.4000015258789,67.78399658203125,66.9000015258789,67.68000030517578,6420900
2026-07-13,67.4000015258789,67.83999633789062,66.86000061035156,66.98999786376953,3331100
2026-07-14,66.79000091552734,67.55699920654297,66.5,67.44000244140625,2942300
2026-07-15,67.76000213623047,69.0199966430664,67.76000213623047,69.0199966430664,7210000
2026-07-16,68.9000015258789,69.08999633789062,67.75,68.12000274658203,5637400
2026-07-17,66.61000061035156,67.2699966430664,66.33000183105469,66.91000366210938,6322600
2026-07-20,67.19999694824219,67.43000030517578,66.80500030517578,66.93000030517578,2977400
2026-07-21,67.0,67.22000122070312,66.77999877929688,66.94999694824219,2245200
2026-07-22,66.94999694824219,67.05000305175781,66.19999694824219,66.30000305175781,2262000
2026-07-23,64.19999694824219,64.24400329589844,62.77999877929688,63.22999954223633,7860400
2026-07-24,63.470001220703125,63.71500015258789,63.099998474121094,63.150001525878906,4705700
2026-07-27,63.95000076293945,64.08499908447266,62.959999084472656,63.0099983215332,4880200
2026-07-28,63.2599983215332,63.69499969482422,62.744998931884766,63.439998626708984,3086400
2026-07-29,63.2599983215332,64.07499694824219,62.43000030517578,62.560001373291016,3666500
2026-07-30,63.029998779296875,64.0999984741211,62.869998931884766,63.91999816894531,3422500
2026-07-31,64.5999984741211,66.16000366210938,64.33999633789062,65.95999908447266,4629200
2026-08-03,66.73999786376953,68.7300033569336,66.66000366210938,68.37999725341797,10127400
2026-08-04,67.73999786376953,69.20800018310547,67.73999786376953,68.95999908447266,9311900
2026-08-05,69.61000061035156,69.61000061035156,68.08499908447266,68.41999816894531,3388600
2026-08-06,68.48999786376953,69.12999725341797,68.29000091552734,68.58000183105469,3620600
2026-08-07,68.56999969482422,69.5199966430664,68.52999877929688,69.13999938964844,3584200
