ticker,n_points,n_years_max,n_years_min,median_final,median_max,median_max_month,median_max_day_idx,median_min,median_min_month,median_min_day_idx
[IDX] S&P 500,316,37,1,1.8917255282455196,1.8950486033117475,12,26,0.0,1,1
[IDX] NASDAQ,316,37,1,1.0632285487489277,1.9350719648244732,11,26,-0.041257268272280156,4,5
[IDX] 다우 존스,316,35,1,1.5697257195326135,1.7957417082443488,12,24,-0.014368951961890364,1,15
[IDX] 러셀 2000,316,37,1,1.2068646629241582,1.7636567921794952,11,26,-0.11406157228283464,7,25
[IDX] KOSPI,313,32,1,-1.2566744412490658,0.8923246434953351,12,18,-1.2619279454722492,12,23
[IDX] KOSDAQ,310,31,1,-1.0569800569800565,1.0902290443831357,12,22,-1.0569800569800565,12,24
[IDX] 닛케이225,314,37,1,-1.4180039622388485,0.8297741214007199,5,4,-1.8698196954858666,6,26
[IDX] 항셍,316,37,1,-0.6516406490303769,1.4357107985531594,12,25,-0.6516406490303769,12,27
[IDX] 상하이종합,299,30,1,-0.04632918422704768,1.0911981496179433,5,25,-0.9357243012104046,10,5
[IDX] 대만가권,301,30,1,-0.5347703314376481,0.8655677724026655,12,20,-1.1121005943835265,10,26
[KR] KODEX 조선TOP10,206,1,1,-1.5399515738498788,1.2302904564315353,4,19,-1.820823244552058,12,14
[KR] KODEX AI전력핵심설비,257,3,1,1.385158277114686,1.9326522890654558,5,4,-0.9523099850968704,8,22
[KR] KODEX 2차전지산업,267,8,1,1.308408829909404,1.308408829909404,12,22,-0.7879774981161342,12,19
[KR] KODEX 자동차,268,13,1,0.21541501976284594,0.5540638606676344,5,23,-1.2676767676767675,8,11
[KR] TIGER 200 IT,268,13,1,0.11162497372293456,1.036677985013611,10,7,-1.2077706704572377,8,11
[KR] TIGER 200 건설,268,13,1,0.1703163017031628,1.2267250821467688,5,1,-0.8529155787641427,12,17
[KR] TIGER 의료기기,267,8,1,1.34066852367688,1.34066852367688,12,22,-0.9969192852741835,2,21
[KR] TIGER 반도체,268,13,1,0.8795666414714034,1.1144236392117357,10,7,-0.698935948257876,8,11
[KR] TIGER 증권,268,13,1,0.9423076923076923,1.3504273504273503,10,23,-0.2707581227436824,8,23
[KR] TIGER 헬스케어,268,13,1,1.4833723653395785,1.4833723653395785,12,22,-1.010260967924376,5,1
[KR] TIGER 은행,268,13,1,-0.33966942148760326,1.230383245350378,12,19,-0.33966942148760326,12,22
[KR] 삼성전자,268,13,1,0.010335917312661369,0.9674882940189062,10,7,-1.036697247706422,8,11
[KR] SK하이닉스,268,13,1,0.9242718446601942,1.2045949729394085,10,7,-1.09009009009009,8,11
[KR] 네이버,268,13,1,0.8573943661971831,1.0,9,21,-1.3455230799629139,8,11
[KR] 카카오,268,13,1,1.000045962219056,1.2762395363811976,10,23,-1.0362779051909934,10,7
[KR] 현대차,268,13,1,0.04054054054054046,0.89058524173028,5,23,-0.8429752066115703,8,11
[KR] 두산에너빌리티,268,13,1,0.6653646453579765,0.6653646453579765,12,22,-0.8045223289994347,10,23
[KR] 현대로템,268,13,1,0.29299363057324845,0.958904109589041,9,6,-0.7195121951219512,8,11
[KR] LG전자,268,13,1,-0.11510791366906481,1.1155234657039712,5,23,-1.510204081632653,8,11
[KR] 코스피200롱150숏선물,266,7,1,0.27825030376670723,1.230436127435818,6,4,-0.7526875356763082,8,23
[KR] 에이피알,260,3,1,1.5376068376068377,1.794017094017094,10,1,-0.7215189873417722,11,21
[KR] 신한지주,268,13,1,-0.5164835164835165,1.010989010989011,7,22,-0.8366013071895425,8,11
[KR] 하나금융지주,268,13,1,-0.1584699453551912,0.8342920617288848,12,19,-0.7317073170731706,8,11
[KR] KB금융,268,13,1,-0.28125,1.1356107660455486,10,7,-0.28125,12,22
[KR] 우리금융지주,267,8,1,1.3291666666666666,1.383399209486166,12,18,-0.7892561983471074,3,1
[US] S&P500,316,34,1,1.801955990220049,1.806845965770171,12,26,0.0,1,1
[US] 러셀,269,27,4,0.7511641014651853,1.2242644216517038,12,19,-0.08768804102409222,2,21
[US] 미국 전체,269,26,4,1.0665853803261447,1.2348600868097517,12,19,0.0,1,1
[US] 나스닥,269,28,5,1.351149200101966,1.351149200101966,12,23,-0.057057557520973856,3,6
[US] 나스닥 레버리지,269,17,3,1.3373540532748702,1.6997482500742027,12,19,-0.01461518812299556,1,2
[US] 미국 반도체,269,26,4,1.1191073023896208,1.1191073023896208,12,23,-0.029792319583975213,1,18
[US] 테슬라,269,17,3,0.7531522860644633,1.0611991009601194,11,18,-0.2801127127365476,3,19
[US] 엔비디아,269,28,5,1.4498273321706656,1.506380283286902,12,21,-0.07093100604447966,1,20
[US] 마이크로소프트,316,37,1,1.4033149171270718,1.701307782298123,12,24,-0.04994851847982068,2,13
[US] 애플,316,37,1,-0.9692190247622788,1.123075723770215,12,23,-0.9692190247622788,12,25
[US] 마이크론,316,37,1,-0.21254355400696867,1.509433962264151,8,27,-0.7918781725888324,3,24
[US] 구글,269,23,4,1.382678790719235,1.6325655103647465,12,19,-0.4987376909490793,2,21
[US] 브로드컴,269,18,3,1.5811258152340977,1.5811258152340977,12,23,-0.043792464253838204,1,4
[US] 인텔,316,37,1,0.2867256637168142,1.5555555555555556,12,24,-0.05142857142857149,3,24
[US] AMD,316,37,1,-0.6198347107438017,1.0279329608938546,6,26,-0.6611570247933884,12,26
[US] 퀄컴,316,35,1,0.7035569994916953,1.473684210526316,8,27,-0.3622044620390904,2,25
[US] 샌디스크,256,2,1,1.5889222084625616,1.9496607304066078,11,8,-0.0011257143941070247,1,2
[US] 시게이트,269,24,4,0.43756523901534256,1.0971806621597155,10,23,-0.7995910706428975,9,1
[US] 웨스턴디지털,316,37,1,-0.5800317584895925,1.0112993140483248,9,23,-0.6180666352413274,12,26
[US] 월마트,316,37,1,1.7302633857462637,1.7735847752897302,6,26,-0.45070369866520066,2,24
[US] 모멘텀 ETF,269,14,2,1.0969164511034646,1.4905097516750747,11,18,-0.16845775949393677,3,22
[US] M7 ETF,268,4,1,0.8263305494233075,1.9380792296081601,12,19,-0.9530544557127236,3,22
[US] 반도체 ETF,269,27,4,1.2092432776852262,1.2208672421074889,12,22,-0.2254750967158201,11,22
[US] 소프트웨어 ETF,269,26,4,1.2704743066167175,1.3628064393655834,12,18,-0.08736943016373222,3,7
[US] 항공우주 ETF,104,1,1,-0.10304453958655502,1.5653396045650583,5,19,-0.4346603954349416,7,21
[US] 코카콜라,316,37,1,1.48125,1.5483870967741935,11,26,-0.1755127296916711,2,10
[US] 이머징 마켓,269,24,4,0.6765394296531949,1.0446655538101777,12,18,-0.070640296287098,2,3
[US] 선진국 마켓,269,26,4,0.49781162168549964,0.9363949761918401,12,8,-0.03534888828256294,1,6
[US] 이즈코프,316,36,1,1.5199992309572663,1.5199992309572663,12,27,-1.766667175292969,11,26
[US] 제타,269,6,1,0.020467660320985126,1.1182089189736775,3,23,-0.524336232422235,9,1
[US] 한국 추종 ETF,269,27,4,0.9287657485234702,1.0683592647692393,12,18,-0.16175182850270797,2,21
[US] 금,269,22,4,0.11381529906862276,1.126730603800681,11,19,-0.008040846018891712,1,4
[US] 은,269,21,4,0.15333114963532202,0.5383521655761947,2,21,-0.3666667352314682,5,23
[US] 미국 오일 펀드,269,21,4,-0.8665511712389127,0.5349309350505764,7,22,-0.8665511712389127,12,23
[US] 원자재 펀드,269,21,4,-0.27659824906783315,0.4151240121454869,6,10,-0.6054658212029236,12,18
[US] 아마존,307,30,1,1.5332509266831484,1.7862881264485673,12,24,-0.23468624671354432,6,23
[US] 일라이릴리,316,37,1,1.981447124304267,2.0,12,26,-0.5708812260536398,3,26
[US] 존슨 앤드 존슨,316,37,1,1.8763636363636365,1.92,12,26,-0.2610196934302964,2,12
[US] 애브비,269,14,2,1.1578497117565525,1.1578497117565525,12,23,-0.20776923110095497,1,20
[US] 제이피모건,316,37,1,1.0487805763076623,1.7040358845651435,11,26,-0.050730008110713265,1,23
[US] 뱅크 오브 아메리카,316,37,1,1.0777777777777777,1.7758620689655173,11,26,-0.26262626262626265,7,4
[US] 모건스탠리,316,34,1,2.0,2.0,12,27,-0.15708178545380624,7,4
[US] 골드만삭스,269,28,5,0.7670365924224236,1.1368078175895766,12,22,-0.44834554605466526,9,1
